"7F-CH-1.ST","","0 26 01","(CH1X舴奴     )","11.9","DEG C"," -N-       NONE"
" ****************************************************************************************************"
"7F-CH-2.ST","","0 26 03","(CH2X舴奴     )","12.0","DEG C"," -N-       NONE"
" ****************************************************************************************************"
"7F-CH-3.ST","","0 26 05","(CH3X舴奴     )","12.0","DEG C"," -N-       NONE"
" ****************************************************************************************************"
"7F-CH-4.ST","","0 26 07","(CH4X舴奴     )","11.8","DEG C"," -N-       NONE"
" ****************************************************************************************************"
"7F-CH-5.ST","","0 27 01","(CH5X舴奴     )","11.8","DEG C"," -N-       NONE"
" ****************************************************************************************************"
"7F-CH.ST","","0 28 05","(B袅`X舴奴  )","11.8","DEG C"," -N-       NONE"
" ****************************************************************************************************"
"7F-CH-1.RT","","0 26 02","(CH1^舴奴     )","12.0",""," -N-       NONE"
" ****************************************************************************************************"
"7F-CH-2.RT","","0 26 04","(CH2^舴奴     )","12.2",""," -N-       NONE"
" ****************************************************************************************************"
"7F-CH-3.RT","","0 26 06","(CH3^舴奴     )","12.1",""," -N-       NONE"
" ****************************************************************************************************"
"7F-CH-4.RT","","0 26 08","(CH4^舴奴     )","12.2",""," -N-       NONE"
" ****************************************************************************************************"
"7F-CH-5.RT","","0 27 02","(CH5^舴奴     )","12.0",""," -N-       NONE"
" ****************************************************************************************************"
"7F-CH.RT","","0 28 06","(B袅`^舴奴  )","12.0","DEG C"," -N-       NONE"
" ****************************************************************************************************"
"7F-CH-1.CHDT",""," -Virtual-","(B舴女t        )","0.0","DEG C"," -N-       NONE"
" ****************************************************************************************************"
"7F-CH-2.CHDT",""," -Virtual-","(B舴女t        )","0.0","DEG C"," -N-       NONE"
" ****************************************************************************************************"
"7F-CH-3.CHDT",""," -Virtual-","(B舴女t        )","0.0","DEG C"," -N-       NONE"
" ****************************************************************************************************"
"7F-CH-4.CHDT",""," -Virtual-","(B舴女t        )","0.0","DEG C"," -N-       NONE"
" ****************************************************************************************************"
"7F-CH-5.CHDT",""," -Virtual-","(B舴女t        )","0.0","DEG C"," -N-       NONE"
" ****************************************************************************************************"
"7F-CHSYS.CHDT",""," -Virtual-","(B舁t参放t    )","0.2","DEG C"," -N-       NONE"
" ****************************************************************************************************"
"7F-CH-1.FM","","0 32 07","(CH1衄yq       )","1395",""," -N-       NONE"
" ****************************************************************************************************"
"7F-CH-2.FM","","0 32 08","(CH2衄yq       )","801",""," -N-       NONE"
" ****************************************************************************************************"
"7F-CH-3.FM","","0 33 01","(CH3衄yq       )"," -1",""," -N-       NONE"
" ****************************************************************************************************"
"7F-CH-4.FM","","0 33 02","(CH4衄yq       )","1712",""," -N-       NONE"
" ****************************************************************************************************"
"7F-CH-5.FM","","0 33 03","(CH5衄yq       )","837",""," -N-       NONE"
" ****************************************************************************************************"
"7F-CH.FM","","0 28 07","(B袅`yq      )","5266",""," -N-       NONE"
" ****************************************************************************************************"
"7F-CW-1.ST","","0 27 03","(CW1X舴奴     )","28.0","DEG C"," -N-       NONE"
" ****************************************************************************************************"
"7F-CW-2.ST","","0 27 05","(CW2X舴奴     )","28.0","DEG C"," -N-       NONE"
" ****************************************************************************************************"
"7F-CW-3.ST","","0 27 07","(CW3X舴奴     )","28.4","DEG C"," -N-       NONE"
" ****************************************************************************************************"
"7F-CW-4.ST","","0 28 01","(CW4X舴奴     )","30.2","DEG C"," -N-       NONE"
" ****************************************************************************************************"
"7F-CW-5.ST","","0 28 03","(CW5X舴奴     )","30.3","DEG C"," -N-       NONE"
" ****************************************************************************************************"
"7F-CW.ST",""," -Virtual-","(No袅`X舴奴)","0.0",""," -N-       NONE"
" ****************************************************************************************************"
"7F-CW-1.RT","","0 27 04","(CW1^舴奴     )","28.8",""," -N-       NONE"
" ****************************************************************************************************"
"7F-CW-2.RT","","0 27 06","(CW2^舴奴     )","32.4",""," -N-       NONE"
" ****************************************************************************************************"
"7F-CW-3.RT","","0 27 08","(CW3^舴奴     )","28.3",""," -N-       NONE"
" ****************************************************************************************************"
"7F-CW-4.RT","","0 28 02","(CW4^舴奴     )","30.9",""," -N-       NONE"
" ****************************************************************************************************"
"7F-CW-5.RT","","0 28 04","(CW5^舴奴     )","30.7",""," -N-       NONE"
" ****************************************************************************************************"
"7F-CW.RT",""," -Virtual-","(No袅`^舴奴)","0.0",""," -N-       NONE"
" ****************************************************************************************************"
"7F-CH-1.CWDT",""," -Virtual-","(No舴女t      )","0.0","DEG C"," -N-       NONE"
" ****************************************************************************************************"
"7F-CH-2.CWDT",""," -Virtual-","(No舴女t      )","0.0","DEG C"," -N-       NONE"
" ****************************************************************************************************"
"7F-CH-3.CWDT",""," -Virtual-","(No舴女t      )","0.0","DEG C"," -N-       NONE"
" ****************************************************************************************************"
"7F-CH-4.CWDT",""," -Virtual-","(No舴女t      )","0.0","DEG C"," -N-       NONE"
" ****************************************************************************************************"
"7F-CH-5.CWDT",""," -Virtual-","(No舴女t      )","0.0","DEG C"," -N-       NONE"
" ****************************************************************************************************"
"7F-CHSYS.CWDT",""," -Virtual-","(No舁t参放t  )","0.0","DEG C"," -N-       NONE"
" ****************************************************************************************************"
"7F-CW-1.FM","","0 33 04","(CW1衄yq       )","12",""," -N-       NONE"
" ****************************************************************************************************"
"7F-CW-2.FM","","0 33 05","(CW2衄yq       )","12",""," -N-       NONE"
" ****************************************************************************************************"
"7F-CW-3.FM","","0 33 06","(CW3衄yq       )","21",""," -N-       NONE"
" ****************************************************************************************************"
"7F-CW-4.FM","","0 33 07","(CW4衄yq       )","12",""," -N-       NONE"
" ****************************************************************************************************"
"7F-CW-5.FM","","0 33 08","(CW5衄yq       )","18",""," -N-       NONE"
" ****************************************************************************************************"
"7F-CW.FM",""," -Virtual-","(No袅`yq    )","78",""," -N-       BN16"
" ****************************************************************************************************"
"CH1F7:KW","","9 01 32","(                )","0.0","kW"," -N-       NONE"
" ****************************************************************************************************"
"CH2F7:KW","","14 13 36","(                )","0.0","kW"," -N-       NONE"
" ****************************************************************************************************"
"CH3F7:KW","","14 14 36","(                )","0.7","kW"," -N-       NONE"
" ****************************************************************************************************"
"CH4F7:KW","","9 02 32","(                )","0.0","kW"," -N-       NONE"
" ****************************************************************************************************"
"CH5F7:KW","","9 03 32","(                )","0.0","kW"," -N-       NONE"
" ****************************************************************************************************"
"CHF7-ALL.KW",""," -Virtual-","(B诀t参\v    )","0.7",""," -N-       NONE"
" ****************************************************************************************************"
"7F-CH-1.TON",""," -Virtual-","(N峁y          )","0",""," -N-       NONE"
" ****************************************************************************************************"
"7F-CH-2.TON",""," -Virtual-","(N峁y          )","0",""," -N-       NONE"
" ****************************************************************************************************"
"7F-CH-3.TON",""," -Virtual-","(N峁y          )","0",""," -N-       NONE"
" ****************************************************************************************************"
"7F-CH-4.TON",""," -Virtual-","(N峁y          )","0",""," -N-       NONE"
" ****************************************************************************************************"
"7F-CH-5.TON",""," -Virtual-","(N峁y          )","0",""," -N-       NONE"
" ****************************************************************************************************"
"7F-CHSYS.TON",""," -Virtual-","(N峁y          )","0",""," -N-       NONE"
" ****************************************************************************************************"
"7F-CH-1.KW/RT",""," -Virtual-","(B诀牟v        )","0.00",""," -N-       NONE"
" ****************************************************************************************************"
"7F-CH-2.KW/RT",""," -Virtual-","(B诀牟v        )","0.00",""," -N-       NONE"
" ****************************************************************************************************"
"7F-CH-3.KW/RT",""," -Virtual-","(B诀牟v        )","0.00",""," -N-       NONE"
" ****************************************************************************************************"
"7F-CH-4.KW/RT",""," -Virtual-","(B诀牟v        )","0.00",""," -N-       NONE"
" ****************************************************************************************************"
"7F-CH-5.KW/RT",""," -Virtual-","(B诀牟v        )","0.00",""," -N-       NONE"
" ****************************************************************************************************"
"7F-CHSYS.KW/RT",""," -Virtual-","(B舁t参牟v    )","0.00",""," -N-       NONE"
" ****************************************************************************************************"
"7F-CW-1.TON",""," -Virtual-","(No臾N峁y    )","0",""," -N-       NONE"
" ****************************************************************************************************"
"7F-CW-2.TON",""," -Virtual-","(No臾N峁y    )","0",""," -N-       NONE"
" ****************************************************************************************************"
"7F-CW-3.TON",""," -Virtual-","(No臾N峁y    )","0",""," -N-       NONE"
" ****************************************************************************************************"
"7F-CW-4.TON",""," -Virtual-","(No臾N峁y    )","0",""," -N-       NONE"
" ****************************************************************************************************"
"7F-CW-5.TON",""," -Virtual-","(No臾N峁y    )","0",""," -N-       NONE"
" ****************************************************************************************************"
"7F-CWSYS.TON",""," -Virtual-","(N峁y          )","0",""," -N-       NONE"
" ****************************************************************************************************"
"7F-CH-1.HB",""," -Virtual-","(                )","0.00",""," -N-       NONE"
" ****************************************************************************************************"
"7F-CH-2.HB",""," -Virtual-","(                )","0.00",""," -N-       NONE"
" ****************************************************************************************************"
"7F-CH-3.HB",""," -Virtual-","(                )","0.00",""," -N-       NONE"
" ****************************************************************************************************"
"7F-CH-4.HB",""," -Virtual-","(                )","0.00",""," -N-       NONE"
" ****************************************************************************************************"
"7F-CH-5.HB",""," -Virtual-","(                )","0.00",""," -N-       NONE"
" ****************************************************************************************************"
"7F-CHSYS.HB",""," -Virtual-","(                )","0.00",""," -N-       NONE"
" ****************************************************************************************************"
"CHP1F7:KW","","10 01 14","(                )","0.0","kW"," -N-       NONE"
" ****************************************************************************************************"
"CHP2F7:KW","","10 02 14","(                )","0.0","kW"," -N-       NONE"
" ****************************************************************************************************"
"CHP3F7:KW","","10 03 14","(                )","0.0","kW"," -N-       NONE"
" ****************************************************************************************************"
"CHP4F7:KW","","10 04 14","(                )","0.0","kW"," -N-       NONE"
" ****************************************************************************************************"
"CHP5F7:KW","","10 05 14","(                )","0.0","kW"," -N-       NONE"
" ****************************************************************************************************"
"CHPF7-ALL.KW",""," -Virtual-","(B衄Θt参\v  )","0.0",""," -N-       NONE"
" ****************************************************************************************************"
"CWP1F7:KW","","10 06 14","(                )","0.0","kW"," -N-       NONE"
" ****************************************************************************************************"
"CWP2F7:KW","","10 07 14","(                )","0.0","kW"," -N-       NONE"
" ****************************************************************************************************"
"CWP3F7:KW","","10 08 14","(                )","0.0","kW"," -N-       NONE"
" ****************************************************************************************************"
"CWP4F7:KW","","10 09 14","(                )","0.0","kW"," -N-       NONE"
" ****************************************************************************************************"
"CWP5F7:KW","","10 10 14","(                )","0.0","kW"," -N-       NONE"
" ****************************************************************************************************"
"CWPF7-ALL.KW",""," -Virtual-","(No衄Θt参\v)","0.0",""," -N-       NONE"
" ****************************************************************************************************"
"CH-B1-1.CST","","0 00 02","(B舭e舴奴    )","8.03","DEG C"," -N-       NONE"
" ****************************************************************************************************"
"CH-B1-2.CST","","0 00 05","(B舭e舴奴    )","8.78","DEG C"," -N-       NONE"
" ****************************************************************************************************"
"CHW.ST","","0 00 16","(B袅`X舴奴  )","8.3","DEG C"," -N-       NONE"
" ****************************************************************************************************"
"CH-B1-1.CRT","","0 00 01","(B舳i舴奴    )","9.32","DEG C"," -N-       NONE"
" ****************************************************************************************************"
"CH-B1-2.CRT","","0 00 06","(B舳i舴奴    )","8.76","DEG C"," -N-       NONE"
" ****************************************************************************************************"
"CHW.RT","","0 00 13","(B袅`^舴奴  )","9.5","DEG C"," -N-       NONE"
" ****************************************************************************************************"
"CH-B1-1.CHDT",""," -Virtual-","(B舴女t        )","1.3","DEG C"," -N-       NONE"
" ****************************************************************************************************"
"CH-B1-2.CHDT",""," -Virtual-","(B舴女t        )"," -0.0","DEG C"," -N-       NONE"
" ****************************************************************************************************"
"CH-B1.CHDT",""," -Virtual-","(B舁t参放t    )","1.2","DEG C"," -N-       NONE"
" ****************************************************************************************************"
"CH-B1-1.CFM","","1 05 01","(yq^      )","4929",""," -N-       NONE"
" ****************************************************************************************************"
"CH-B1-2.CFM","","1 05 03","(yq^      )","2864",""," -N-       NONE"
" ****************************************************************************************************"
"CH-B1.CFM",""," -Virtual-","(B舁t参`yq  )","4929",""," -N-       NONE"
" ****************************************************************************************************"
"CH-B1-1.CWST","","0 00 04","(No舳i舴奴  )","27.77","DEG C"," -N-       NONE"
" ****************************************************************************************************"
"CH-B1-2.CWST","","0 00 08","(No舳i舴奴  )","29.05","DEG C"," -N-       NONE"
" ****************************************************************************************************"
"CW.ST","","0 00 14","(No袅`X舴奴)","29.07","DEG C"," -N-       NONE"
" ****************************************************************************************************"
"CH-B1-1.CWRT","","0 00 03","(No籁X舴奴  )","29.11",""," -N-       NONE"
" ****************************************************************************************************"
"CH-B1-2.CWRT","","0 00 07","(No籁X舴奴  )","28.98",""," -N-       NONE"
" ****************************************************************************************************"
"CW.RT","","0 00 15","(No袅`^舴奴)","27.77","DEG C"," -N-       NONE"
" ****************************************************************************************************"
"CH-B1-1.CWDT",""," -Virtual-","(No舴女t      )","1.3","DEG C"," -N-       NONE"
" ****************************************************************************************************"
"CH-B1-2.CWDT",""," -Virtual-","(No舴女t      )"," -0.1","DEG C"," -N-       NONE"
" ****************************************************************************************************"
"CH-B1.CWDT",""," -Virtual-","(No舁t参放t  )","1.3","DEG C"," -N-       NONE"
" ****************************************************************************************************"
"CH-B1-1.CWFM","","1 05 02","(yq^      )","5991",""," -N-       NONE"
" ****************************************************************************************************"
"CH-B1-2.CWFM","","1 05 04","(yq^      )","0",""," -N-       NONE"
" ****************************************************************************************************"
"CH-B1.CWFM",""," -Virtual-","(No舁t参`yq)","5991",""," -N-       NONE"
" ****************************************************************************************************"
"CH1B1:KW","","8 01 14","(                )","94.2","kW"," -N-       NONE"
" ****************************************************************************************************"
"CH2B1:KW","","8 02 14","(                )","0.6","kW"," -N-       NONE"
" ****************************************************************************************************"
"CHB1-ALL.KW",""," -Virtual-","(B诀t参\v    )","94.7",""," -N-       NONE"
" ****************************************************************************************************"
"CH-B1-1.TON",""," -Virtual-","(N峁y          )","125",""," -N-       NONE"
" ****************************************************************************************************"
"CH-B1-2.TON",""," -Virtual-","(N峁y          )","0",""," -N-       NONE"
" ****************************************************************************************************"
"CH-B1.TON",""," -Virtual-","(B舁t参N峁y  )","112",""," -N-       NONE"
" ****************************************************************************************************"
"CH-B1-1.KW/RT",""," -Virtual-","(B诀牟v        )","0.75",""," -N-       NONE"
" ****************************************************************************************************"
"CH-B1-2.KW/RT",""," -Virtual-","(B诀牟v        )","0.00",""," -N-       NONE"
" ****************************************************************************************************"
"CH-B1.KW/RT",""," -Virtual-","(B舁t参牟v    )","0.84",""," -N-       NONE"
" ****************************************************************************************************"
"CW-B1-1.TON",""," -Virtual-","(N峁y          )","158",""," -N-       NONE"
" ****************************************************************************************************"
"CW-B1-2.TON",""," -Virtual-","(N峁y          )","0",""," -N-       NONE"
" ****************************************************************************************************"
"CW-B1.TON",""," -Virtual-","(No舁t参N峁y)","154",""," -N-       NONE"
" ****************************************************************************************************"
"CH-B1-1.HB",""," -Virtual-","(                )"," -3.95",""," -N-       NONE"
" ****************************************************************************************************"
"CH-B1-2.HB",""," -Virtual-","(                )","0.00",""," -N-       NONE"
" ****************************************************************************************************"
"CH-B1.HB",""," -Virtual-","(                )"," -9.72",""," -N-       NONE"
" ****************************************************************************************************"
"CWP1B1:KW","","8 06 14","(                )","39.2","kW"," -N-       NONE"
" ****************************************************************************************************"
"CWP2B1:KW","","8 07 14","(                )","0.0","kW"," -N-       NONE"
" ****************************************************************************************************"
"CWP3B1:KW","","8 08 14","(                )","0.0","kW"," -N-       NONE"
" ****************************************************************************************************"
"CWPB1-ALL.KW",""," -Virtual-","(No衄Θt参\v)","39.2",""," -N-       NONE"
" ****************************************************************************************************"
"CHP1B1:KW","","8 03 14","(                )","14.5","kW"," -N-       NONE"
" ****************************************************************************************************"
"CHP2B1:KW","","8 04 14","(                )","0.0","kW"," -N-       NONE"
" ****************************************************************************************************"
"CHP3B1:KW","","8 05 14","(                )","0.0","kW"," -N-       NONE"
" ****************************************************************************************************"
"CHPB1-ALL.KW",""," -Virtual-","(B衄Θt参\v  )","14.5",""," -N-       NONE"
" ****************************************************************************************************"
"MGCBAB2.KWH",""," -Virtual-","(准            )","254758176","kW h"," -N-       NONE"
" ****************************************************************************************************"
"MGCBAB2:HZ","","6 01 11","(                )","59","Hz"," -N-       NONE"
" ****************************************************************************************************"
"MGCBAB2:IR","","6 01 12","(                )","10","A"," -N-       NONE"
" ****************************************************************************************************"
"MGCBAB2:IS","","6 01 13","(                )","9","A"," -N-       NONE"
" ****************************************************************************************************"
"MGCBAB2:IT","","6 01 14","(                )","10","A"," -N-       NONE"
" ****************************************************************************************************"
"MGCBAB2:KW","","6 01 20","(                )","392.0","kW"," -N-       NONE"
" ****************************************************************************************************"
"MGCBAB2:PF","","6 01 19","(                )"," -0.99",""," -N-       NONE"
" ****************************************************************************************************"
"MGCBAB2:VRS","","6 01 16","(                )","23.2","kV"," -N-       NONE"
" ****************************************************************************************************"
"MGCBAB2:VST","","6 01 17","(                )","23.3","kV"," -N-       NONE"
" ****************************************************************************************************"
"MGCBAB2:VTR","","6 01 18","(                )","23.4","kV"," -N-       NONE"
" ****************************************************************************************************"
"MLAB2-1.KWH",""," -Virtual-","(准            )","22718306","kW h"," -N-       NONE"
" ****************************************************************************************************"
"MLAB2-1:HZ","","6 02 11","(                )","59","Hz"," -N-       NONE"
" ****************************************************************************************************"
"MLAB2-1:IR","","6 02 12","(                )","190","A"," -N-       NONE"
" ****************************************************************************************************"
"MLAB2-1:IS","","6 02 13","(                )","164","A"," -N-       NONE"
" ****************************************************************************************************"
"MLAB2-1:IT","","6 02 14","(                )","160","A"," -N-       NONE"
" ****************************************************************************************************"
"MLAB2-1:KW","","6 02 20","(                )","106.0","kW"," -N-       NONE"
" ****************************************************************************************************"
"MLAB2-1:PF","","6 02 19","(                )"," -0.95",""," -N-       NONE"
" ****************************************************************************************************"
"MLAB2-1:VRS","","6 02 16","(                )","377.0","V"," -N-       NONE"
" ****************************************************************************************************"
"MLAB2-1:VST","","6 02 17","(                )","376.0","V"," -N-       NONE"
" ****************************************************************************************************"
"MLAB2-1:VTR","","6 02 18","(                )","378.0","V"," -N-       NONE"
" ****************************************************************************************************"
"MLAB2-2.KWH",""," -Virtual-","(准            )"," -1000099968","kW h"," -N-       NONE"
" ****************************************************************************************************"
"MLAB2-2:HZ","","6 03 11","(                )","655","Hz"," -N-       NONE"
" ****************************************************************************************************"
"MLAB2-2:IR","","6 03 12","(                )","65535","A"," -N-       NONE"
" ****************************************************************************************************"
"MLAB2-2:IS","","6 03 13","(                )","65535","A"," -N-       NONE"
" ****************************************************************************************************"
"MLAB2-2:IT","","6 03 14","(                )","65535","A"," -N-       NONE"
" ****************************************************************************************************"
"MLAB2-2:KW","","6 03 20","(                )"," -1.0","kW"," -N-       NONE"
" ****************************************************************************************************"
"MLAB2-2:PF","","6 03 19","(                )"," -32.77",""," -N-       NONE"
" ****************************************************************************************************"
"MLAB2-2:VRS","","6 03 16","(                )","65535.0","V"," -N-       NONE"
" ****************************************************************************************************"
"MLAB2-2:VST","","6 03 17","(                )","65535.0","V"," -N-       NONE"
" ****************************************************************************************************"
"MLAB2-2:VTR","","6 03 18","(                )","65535.0","V"," -N-       NONE"
" ****************************************************************************************************"
"EMLAB2-1.KWH",""," -Virtual-","(准            )","23435356","kW h"," -N-       NONE"
" ****************************************************************************************************"
"EMLAB2-1:HZ","","6 04 11","(                )","59","Hz"," -N-       NONE"
" ****************************************************************************************************"
"EMLAB2-1:IR","","6 04 12","(                )","128","A"," -N-       NONE"
" ****************************************************************************************************"
"EMLAB2-1:IS","","6 04 13","(                )","117","A"," -N-       NONE"
" ****************************************************************************************************"
"EMLAB2-1:IT","","6 04 14","(                )","138","A"," -N-       NONE"
" ****************************************************************************************************"
"EMLAB2-1:KW","","6 04 20","(                )","78.0","kW"," -N-       NONE"
" ****************************************************************************************************"
"EMLAB2-1:PF","","6 04 19","(                )"," -0.94",""," -N-       NONE"
" ****************************************************************************************************"
"EMLAB2-1:VRS","","6 04 16","(                )","377.0","V"," -N-       NONE"
" ****************************************************************************************************"
"EMLAB2-1:VST","","6 04 17","(                )","377.0","V"," -N-       NONE"
" ****************************************************************************************************"
"EMLAB2-1:VTR","","6 04 18","(                )","378.0","V"," -N-       NONE"
" ****************************************************************************************************"
"MGCBARF.KWH",""," -Virtual-","(准            )","33.4759",""," -N-       BN16"
" ****************************************************************************************************"
"MGCBARF:F","","14 01 22","(                )","60","Hz"," -N-       NONE"
" ****************************************************************************************************"
"MGCBARF:I1","","14 01 11","(                )","3.0","A"," -N-       NONE"
" ****************************************************************************************************"
"MGCBARF:I2","","14 01 12","(                )","2.9","A"," -N-       NONE"
" ****************************************************************************************************"
"MGCBARF:I3","","14 01 13","(                )","3.5","A"," -N-       NONE"
" ****************************************************************************************************"
"MGCBARF:KW","","14 01 18","(                )","125.0","kW"," -N-       NONE"
" ****************************************************************************************************"
"MGCBARF:PF","","14 01 21","(                )","1.02",""," -N-       NONE"
" ****************************************************************************************************"
"MGCBARF:V12","","14 01 15","(                )","23.3","kV"," -N-       NONE"
" ****************************************************************************************************"
"MGCBARF:V23","","14 01 16","(                )","23.4","kV"," -N-       NONE"
" ****************************************************************************************************"
"MGCBARF:V31","","14 01 17","(                )","23.5","kV"," -N-       NONE"
" ****************************************************************************************************"
"MPA1:HZ","","14 02 39","(                )","59","Hz"," -N-       NONE"
" ****************************************************************************************************"
"MPA1:IR","","14 02 11","(                )","9","A"," -N-       NONE"
" ****************************************************************************************************"
"MPA1:IS","","14 02 18","(                )","11","A"," -N-       NONE"
" ****************************************************************************************************"
"MPA1:IT","","14 02 25","(                )","7","A"," -N-       NONE"
" ****************************************************************************************************"
"MPA1:KW","","14 02 36","(                )","3.9","kW"," -N-       NONE"
" ****************************************************************************************************"
"MPA1:KWH","","14 02 43","(                )","9849355",""," -N-       NONE"
" ****************************************************************************************************"
"MPA1:PF","","14 02 38","(                )","0.65",""," -N-       NONE"
" ****************************************************************************************************"
"MPA1:VRS","","14 02 13","(                )","379.8","V"," -N-       NONE"
" ****************************************************************************************************"
"MPA1:VST","","14 02 20","(                )","379.5","V"," -N-       NONE"
" ****************************************************************************************************"
"MPA1:VTR","","14 02 27","(                )","381.4","V"," -N-       NONE"
" ****************************************************************************************************"
"MPA2:HZ","","14 03 39","(                )","59","Hz"," -N-       NONE"
" ****************************************************************************************************"
"MPA2:IR","","14 03 11","(                )","82","A"," -N-       NONE"
" ****************************************************************************************************"
"MPA2:IS","","14 03 18","(                )","77","A"," -N-       NONE"
" ****************************************************************************************************"
"MPA2:IT","","14 03 25","(                )","80","A"," -N-       NONE"
" ****************************************************************************************************"
"MPA2:KW","","14 03 36","(                )","44.3","kW"," -N-       NONE"
" ****************************************************************************************************"
"MPA2:KWH","","14 03 43","(                )","16362429",""," -N-       NONE"
" ****************************************************************************************************"
"MPA2:PF","","14 03 38","(                )","0.85",""," -N-       NONE"
" ****************************************************************************************************"
"MPA2:VRS","","14 03 13","(                )","379.8","V"," -N-       NONE"
" ****************************************************************************************************"
"MPA2:VST","","14 03 20","(                )","379.3","V"," -N-       NONE"
" ****************************************************************************************************"
"MPA2:VTR","","14 03 27","(                )","381.1","V"," -N-       NONE"
" ****************************************************************************************************"
"MLARF-1.PF",""," -Virtual-","(                )","0.97",""," -N-       NONE"
" ****************************************************************************************************"
"MLARF-1:HZ","","14 04 39","(                )","59","Hz"," -N-       NONE"
" ****************************************************************************************************"
"MLARF-1:IR","","14 04 11","(                )","96","A"," -N-       NONE"
" ****************************************************************************************************"
"MLARF-1:IS","","14 04 18","(                )","71","A"," -N-       NONE"
" ****************************************************************************************************"
"MLARF-1:IT","","14 04 25","(                )","68","A"," -N-       NONE"
" ****************************************************************************************************"
"MLARF-1:KW","","14 04 36","(                )","50.0","kW"," -N-       NONE"
" ****************************************************************************************************"
"MLARF-1:KWH","","14 04 43","(                )","5590206",""," -N-       NONE"
" ****************************************************************************************************"
"MLARF-1:PF","","14 04 38","(                )"," -0.97",""," -N-       NONE"
" ****************************************************************************************************"
"MLARF-1:VRS","","14 04 13","(                )","379.6","V"," -N-       NONE"
" ****************************************************************************************************"
"MLARF-1:VST","","14 04 20","(                )","378.9","V"," -N-       NONE"
" ****************************************************************************************************"
"MLARF-1:VTR","","14 04 27","(                )","381.0","V"," -N-       NONE"
" ****************************************************************************************************"
"MPARF:HZ","","14 05 39","(                )","59","Hz"," -N-       NONE"
" ****************************************************************************************************"
"MPARF:IR","","14 05 11","(                )","126","A"," -N-       NONE"
" ****************************************************************************************************"
"MPARF:IS","","14 05 18","(                )","86","A"," -N-       NONE"
" ****************************************************************************************************"
"MPARF:IT","","14 05 25","(                )","141","A"," -N-       NONE"
" ****************************************************************************************************"
"MPARF:KW","","14 05 36","(                )","71.2","kW"," -N-       NONE"
" ****************************************************************************************************"
"MPARF:KWH","","14 05 43","(                )","5037955",""," -N-       NONE"
" ****************************************************************************************************"
"MPARF:PF","","14 05 38","(                )"," -0.92",""," -N-       NONE"
" ****************************************************************************************************"
"MPARF:VRS","","14 05 13","(                )","378.8","V"," -N-       NONE"
" ****************************************************************************************************"
"MPARF:VST","","14 05 20","(                )","379.2","V"," -N-       NONE"
" ****************************************************************************************************"
"MPARF:VTR","","14 05 27","(                )","380.2","V"," -N-       NONE"
" ****************************************************************************************************"
"MGCBB.KWH",""," -Virtual-","(准            )","120.445",""," -N-       NONE"
" ****************************************************************************************************"
"MGCBB:F","","14 06 22","(                )","60","Hz"," -N-       NONE"
" ****************************************************************************************************"
"MGCBB:I1","","14 06 11","(                )","14.9","A"," -N-       NONE"
" ****************************************************************************************************"
"MGCBB:I2","","14 06 12","(                )","14.7","A"," -N-       NONE"
" ****************************************************************************************************"
"MGCBB:I3","","14 06 13","(                )","16.3","A"," -N-       NONE"
" ****************************************************************************************************"
"MGCBB:KW","","14 06 18","(                )","603.1","kW"," -N-       NONE"
" ****************************************************************************************************"
"MGCBB:PF","","14 06 21","(                )","0.97",""," -N-       NONE"
" ****************************************************************************************************"
"MGCBB:V12","","14 06 15","(                )","23.4","kV"," -N-       NONE"
" ****************************************************************************************************"
"MGCBB:V23","","14 06 16","(                )","23.5","kV"," -N-       NONE"
" ****************************************************************************************************"
"MGCBB:V31","","14 06 17","(                )","23.3","kV"," -N-       NONE"
" ****************************************************************************************************"
"MLB1-1:HZ","","14 07 39","(                )","59","Hz"," -N-       NONE"
" ****************************************************************************************************"
"MLB1-1:IR","","14 07 11","(                )","582","A"," -N-       NONE"
" ****************************************************************************************************"
"MLB1-1:IS","","14 07 18","(                )","452","A"," -N-       NONE"
" ****************************************************************************************************"
"MLB1-1:IT","","14 07 25","(                )","500","A"," -N-       NONE"
" ****************************************************************************************************"
"MLB1-1:KW","","14 07 36","(                )","326.5","kW"," -N-       NONE"
" ****************************************************************************************************"
"MLB1-1:KWH","","14 07 43","(                )","27953776",""," -N-       NONE"
" ****************************************************************************************************"
"MLB1-1:PF","","14 07 38","(                )","0.97",""," -N-       NONE"
" ****************************************************************************************************"
"MLB1-1:VRS","","14 07 13","(                )","377.4","V"," -N-       NONE"
" ****************************************************************************************************"
"MLB1-1:VST","","14 07 20","(                )","379.7","V"," -N-       NONE"
" ****************************************************************************************************"
"MLB1-1:VTR","","14 07 27","(                )","378.7","V"," -N-       NONE"
" ****************************************************************************************************"
"MLB2-1:HZ","","14 08 39","(                )","59","Hz"," -N-       NONE"
" ****************************************************************************************************"
"MLB2-1:IR","","14 08 11","(                )","92","A"," -N-       NONE"
" ****************************************************************************************************"
"MLB2-1:IS","","14 08 18","(                )","65","A"," -N-       NONE"
" ****************************************************************************************************"
"MLB2-1:IT","","14 08 25","(                )","88","A"," -N-       NONE"
" ****************************************************************************************************"
"MLB2-1:KW","","14 08 36","(                )","46.2","kW"," -N-       NONE"
" ****************************************************************************************************"
"MLB2-1:KWH","","14 08 43","(                )","13788307",""," -N-       NONE"
" ****************************************************************************************************"
"MLB2-1:PF","","14 08 38","(                )"," -0.86",""," -N-       NONE"
" ****************************************************************************************************"
"MLB2-1:VRS","","14 08 13","(                )","379.1","V"," -N-       NONE"
" ****************************************************************************************************"
"MLB2-1:VST","","14 08 20","(                )","380.9","V"," -N-       NONE"
" ****************************************************************************************************"
"MLB2-1:VTR","","14 08 27","(                )","379.9","V"," -N-       NONE"
" ****************************************************************************************************"
"MLB3-1:HZ","","14 09 39","(                )","59","Hz"," -N-       NONE"
" ****************************************************************************************************"
"MLB3-1:IR","","14 09 11","(                )","222","A"," -N-       NONE"
" ****************************************************************************************************"
"MLB3-1:IS","","14 09 18","(                )","222","A"," -N-       NONE"
" ****************************************************************************************************"
"MLB3-1:IT","","14 09 25","(                )","241","A"," -N-       NONE"
" ****************************************************************************************************"
"MLB3-1:KW","","14 09 36","(                )","144.7","kW"," -N-       NONE"
" ****************************************************************************************************"
"MLB3-1:KWH","","14 09 43","(                )","23451164",""," -N-       NONE"
" ****************************************************************************************************"
"MLB3-1:PF","","14 09 38","(                )","0.97",""," -N-       NONE"
" ****************************************************************************************************"
"MLB3-1:VRS","","14 09 13","(                )","378.5","V"," -N-       NONE"
" ****************************************************************************************************"
"MLB3-1:VST","","14 09 20","(                )","380.2","V"," -N-       NONE"
" ****************************************************************************************************"
"MLB3-1:VTR","","14 09 27","(                )","379.0","V"," -N-       NONE"
" ****************************************************************************************************"
"MLB4-1:HZ","","14 10 39","(                )","59","Hz"," -N-       NONE"
" ****************************************************************************************************"
"MLB4-1:IR","","14 10 11","(                )","97","A"," -N-       NONE"
" ****************************************************************************************************"
"MLB4-1:IS","","14 10 18","(                )","81","A"," -N-       NONE"
" ****************************************************************************************************"
"MLB4-1:IT","","14 10 25","(                )","109","A"," -N-       NONE"
" ****************************************************************************************************"
"MLB4-1:KW","","14 10 36","(                )","57.4","kW"," -N-       NONE"
" ****************************************************************************************************"
"MLB4-1:KWH","","14 10 43","(                )","19241030",""," -N-       NONE"
" ****************************************************************************************************"
"MLB4-1:PF","","14 10 38","(                )","0.92",""," -N-       NONE"
" ****************************************************************************************************"
"MLB4-1:VRS","","14 10 13","(                )","378.2","V"," -N-       NONE"
" ****************************************************************************************************"
"MLB4-1:VST","","14 10 20","(                )","379.9","V"," -N-       NONE"
" ****************************************************************************************************"
"MLB4-1:VTR","","14 10 27","(                )","378.8","V"," -N-       NONE"
" ****************************************************************************************************"
"ACMP-1:HZ","","14 11 39","(                )","59","Hz"," -N-       NONE"
" ****************************************************************************************************"
"ACMP-1:IR","","14 11 11","(                )","9.0","A"," -N-       NONE"
" ****************************************************************************************************"
"ACMP-1:IS","","14 11 18","(                )","11","A"," -N-       NONE"
" ****************************************************************************************************"
"ACMP-1:IT","","14 11 25","(                )","7","A"," -N-       NONE"
" ****************************************************************************************************"
"ACMP-1:KW","","14 11 36","(                )","3.8","kW"," -N-       NONE"
" ****************************************************************************************************"
"ACMP-1:KWH","","14 11 43","(                )","9987920",""," -N-       NONE"
" ****************************************************************************************************"
"ACMP-1:PF","","14 11 38","(                )","0.65",""," -N-       NONE"
" ****************************************************************************************************"
"ACMP-1:VRS","","14 11 13","(                )","387.2","V"," -N-       NONE"
" ****************************************************************************************************"
"ACMP-1:VST","","14 11 20","(                )","386.3","V"," -N-       NONE"
" ****************************************************************************************************"
"ACMP-1:VTR","","14 11 27","(                )","388.4","V"," -N-       NONE"
" ****************************************************************************************************"
"ACMP-2:HZ","","14 12 39","(                )","59","Hz"," -N-       NONE"
" ****************************************************************************************************"
"ACMP-2:IR","","14 12 11","(                )","83","A"," -N-       NONE"
" ****************************************************************************************************"
"ACMP-2:IS","","14 12 18","(                )","76","A"," -N-       NONE"
" ****************************************************************************************************"
"ACMP-2:IT","","14 12 25","(                )","79","A"," -N-       NONE"
" ****************************************************************************************************"
"ACMP-2:KW","","14 12 36","(                )","45.1","kW"," -N-       NONE"
" ****************************************************************************************************"
"ACMP-2:KWH","","14 12 43","(                )","16586675",""," -N-       NONE"
" ****************************************************************************************************"
"ACMP-2:PF","","14 12 38","(                )","0.85",""," -N-       NONE"
" ****************************************************************************************************"
"ACMP-2:VRS","","14 12 13","(                )","386.8","V"," -N-       NONE"
" ****************************************************************************************************"
"ACMP-2:VST","","14 12 20","(                )","387.3","V"," -N-       NONE"
" ****************************************************************************************************"
"ACMP-2:VTR","","14 12 27","(                )","387.7","V"," -N-       NONE"
" ****************************************************************************************************"
"GCB1:HZ","","7 01 39","(                )","59","Hz"," -N-       NONE"
" ****************************************************************************************************"
"GCB1:IR","","7 01 11","(                )","3","A"," -N-       NONE"
" ****************************************************************************************************"
"GCB1:IS","","7 01 18","(                )","3","A"," -N-       NONE"
" ****************************************************************************************************"
"GCB1:IT","","7 01 25","(                )","3","A"," -N-       NONE"
" ****************************************************************************************************"
"GCB1:KW","","7 01 36","(                )","87.5","kW"," -N-       NONE"
" ****************************************************************************************************"
"GCB1:KWH","","7 01 43","(                )","7216241",""," -N-       NONE"
" ****************************************************************************************************"
"GCB1:PF","","7 01 38","(                )"," -0.79",""," -N-       NONE"
" ****************************************************************************************************"
"GCB1:VRS","","7 01 13","(                )","20.7","V"," -N-       NONE"
" ****************************************************************************************************"
"GCB1:VST","","7 01 20","(                )","20.8","V"," -N-       NONE"
" ****************************************************************************************************"
"GCB1:VTR","","7 01 27","(                )","20.8","V"," -N-       NONE"
" ****************************************************************************************************"
"GCB2:HZ","","7 02 39","(                )","59","Hz"," -N-       NONE"
" ****************************************************************************************************"
"GCB2:IR","","7 02 11","(                )","7","A"," -N-       NONE"
" ****************************************************************************************************"
"GCB2:IS","","7 02 18","(                )","7","A"," -N-       NONE"
" ****************************************************************************************************"
"GCB2:IT","","7 02 25","(                )","6","A"," -N-       NONE"
" ****************************************************************************************************"
"GCB2:KW","","7 02 36","(                )","224.8","kW"," -N-       NONE"
" ****************************************************************************************************"
"GCB2:KWH","","7 02 43","(                )","13420620",""," -N-       NONE"
" ****************************************************************************************************"
"GCB2:PF","","7 02 38","(                )","0.96",""," -N-       NONE"
" ****************************************************************************************************"
"GCB2:VRS","","7 02 13","(                )","20.8","V"," -N-       NONE"
" ****************************************************************************************************"
"GCB2:VST","","7 02 20","(                )","20.8","V"," -N-       NONE"
" ****************************************************************************************************"
"GCB2:VTR","","7 02 27","(                )","20.7","V"," -N-       NONE"
" ****************************************************************************************************"
"PM:HZ","","7 03 39","(                )","59","Hz"," -N-       NONE"
" ****************************************************************************************************"
"PM:IR","","7 03 11","(                )","196","A"," -N-       NONE"
" ****************************************************************************************************"
"PM:IS","","7 03 18","(                )","186","A"," -N-       NONE"
" ****************************************************************************************************"
"PM:IT","","7 03 25","(                )","189","A"," -N-       NONE"
" ****************************************************************************************************"
"PM:KW","","7 03 36","(                )","116.3","kW"," -N-       NONE"
" ****************************************************************************************************"
"PM:KWH","","7 03 43","(                )","11571351",""," -N-       NONE"
" ****************************************************************************************************"
"PM:PF","","7 03 38","(                )","0.93",""," -N-       NONE"
" ****************************************************************************************************"
"PM:VRS","","7 03 13","(                )","379.2","V"," -N-       NONE"
" ****************************************************************************************************"
"PM:VST","","7 03 20","(                )","380.7","V"," -N-       NONE"
" ****************************************************************************************************"
"PM:VTR","","7 03 27","(                )","379.5","V"," -N-       NONE"
" ****************************************************************************************************"
"PAC:HZ","","7 04 39","(                )","59","Hz"," -N-       NONE"
" ****************************************************************************************************"
"PAC:IR","","7 04 11","(                )","392","A"," -N-       NONE"
" ****************************************************************************************************"
"PAC:IS","","7 04 18","(                )","394","A"," -N-       NONE"
" ****************************************************************************************************"
"PAC:IT","","7 04 25","(                )","388","A"," -N-       NONE"
" ****************************************************************************************************"
"PAC:KW","","7 04 36","(                )","245.8","kW"," -N-       NONE"
" ****************************************************************************************************"
"PAC:KWH","","7 04 43","(                )","14642379",""," -N-       NONE"
" ****************************************************************************************************"
"PAC:PF","","7 04 38","(                )","0.96",""," -N-       NONE"
" ****************************************************************************************************"
"PAC:VRS","","7 04 13","(                )","377.1","V"," -N-       NONE"
" ****************************************************************************************************"
"PAC:VST","","7 04 20","(                )","378.2","V"," -N-       NONE"
" ****************************************************************************************************"
"PAC:VTR","","7 04 27","(                )","377.8","V"," -N-       NONE"
" ****************************************************************************************************"
"CH1B1:KWH","","8 01 11","(                )","3677498",""," -N-       NONE"
" ****************************************************************************************************"
"CH2B1:KWH","","8 02 11","(                )","3070082",""," -N-       NONE"
" ****************************************************************************************************"
"CHP1B1:KWH","","8 03 11","(                )","255715",""," -N-       NONE"
" ****************************************************************************************************"
"CHP2B1:KWH","","8 04 11","(                )","241721",""," -N-       NONE"
" ****************************************************************************************************"
"CHP3B1:KWH","","8 05 11","(                )","4159",""," -N-       NONE"
" ****************************************************************************************************"
"CT1B1:KW","","8 09 14","(                )","8.6","kW"," -N-       NONE"
" ****************************************************************************************************"
"CT1B1:KWH","","8 09 11","(                )","210626",""," -N-       NONE"
" ****************************************************************************************************"
"CT2B1:KW","","8 10 14","(                )","8.5","kW"," -N-       NONE"
" ****************************************************************************************************"
"CT2B1:KWH","","8 10 11","(                )","99834",""," -N-       NONE"
" ****************************************************************************************************"
"CWP1B1:KWH","","8 06 11","(                )","684330",""," -N-       NONE"
" ****************************************************************************************************"
"CWP2B1:KWH","","8 07 11","(                )","657386",""," -N-       NONE"
" ****************************************************************************************************"
"CWP3B1:KWH","","8 08 11","(                )","10",""," -N-       NONE"
" ****************************************************************************************************"
"CH1F7.KWH",""," -Virtual-","(准            )","3927008","kW h"," -N-       NONE"
" ****************************************************************************************************"
"CH2F7:KWH","","14 13 43","(                )","2666385",""," -N-       NONE"
" ****************************************************************************************************"
"CH3F7:KWH","","14 14 43","(                )","1241013",""," -N-       NONE"
" ****************************************************************************************************"
"CH4F7.KWH",""," -Virtual-","(准            )","3824615","kW h"," -N-       NONE"
" ****************************************************************************************************"
"CH5F7.KWH",""," -Virtual-","(准            )","3885219","kW h"," -N-       NONE"
" ****************************************************************************************************"
"CHP1F7:KWH","","10 01 11","(                )","453659",""," -N-       NONE"
" ****************************************************************************************************"
"CHP2F7:KWH","","10 02 11","(                )","182618",""," -N-       NONE"
" ****************************************************************************************************"
"CHP3F7:KWH","","10 03 11","(                )","97372",""," -N-       NONE"
" ****************************************************************************************************"
"CHP4F7:KWH","","10 04 11","(                )","440615",""," -N-       NONE"
" ****************************************************************************************************"
"CHP5F7:KWH","","10 05 11","(                )","461757",""," -N-       NONE"
" ****************************************************************************************************"
"CWP1F7:KWH","","10 06 11","(                )","457431",""," -N-       NONE"
" ****************************************************************************************************"
"CWP2F7:KWH","","10 07 11","(                )","205863",""," -N-       NONE"
" ****************************************************************************************************"
"CWP3F7:KWH","","10 08 11","(                )","117701",""," -N-       NONE"
" ****************************************************************************************************"
"CWP4F7:KWH","","10 09 11","(                )","496639",""," -N-       NONE"
" ****************************************************************************************************"
"CWP5F7:KWH","","10 10 11","(                )","540226",""," -N-       NONE"
" ****************************************************************************************************"
"CT1-1.KWH",""," -Virtual-","(准            )","69716","kW h"," -N-       NONE"
" ****************************************************************************************************"
"CT1-1:KW","","12 01 11","(                )","0.0","kW"," -N-       NONE"
" ****************************************************************************************************"
"CT1-2.KWH",""," -Virtual-","(准            )","72234","kW h"," -N-       NONE"
" ****************************************************************************************************"
"CT1-2:KW","","12 02 11","(                )","0.0","kW"," -N-       NONE"
" ****************************************************************************************************"
"CT1-3.KWH",""," -Virtual-","(准            )","75072","kW h"," -N-       NONE"
" ****************************************************************************************************"
"CT1-3:KW","","12 03 11","(                )","0.0","kW"," -N-       NONE"
" ****************************************************************************************************"
"CT1-4.KWH",""," -Virtual-","(准            )","72675","kW h"," -N-       NONE"
" ****************************************************************************************************"
"CT1-4:KW","","12 04 11","(                )","0.0","kW"," -N-       NONE"
" ****************************************************************************************************"
"CT1-ALL.KW",""," -Virtual-","(No舳皎t参\v)","0.0",""," -N-       NONE"
" ****************************************************************************************************"
"CT1-ALL.KWH",""," -Virtual-","(准            )","289698","kW h"," -N-       NONE"
" ****************************************************************************************************"
"CT2-1.KWH",""," -Virtual-","(准            )","31592","kW h"," -N-       NONE"
" ****************************************************************************************************"
"CT2-1:KW","","12 05 11","(                )","0.0","kW"," -N-       NONE"
" ****************************************************************************************************"
"CT2-2.KWH",""," -Virtual-","(准            )","32304","kW h"," -N-       NONE"
" ****************************************************************************************************"
"CT2-2:KW","","12 06 11","(                )","0.0","kW"," -N-       NONE"
" ****************************************************************************************************"
"CT2-3.KWH",""," -Virtual-","(准            )","30988","kW h"," -N-       NONE"
" ****************************************************************************************************"
"CT2-3:KW","","12 07 11","(                )","0.0","kW"," -N-       NONE"
" ****************************************************************************************************"
"CT2-4.KWH",""," -Virtual-","(准            )","28543","kW h"," -N-       NONE"
" ****************************************************************************************************"
"CT2-4:KW","","12 08 11","(                )","0.0","kW"," -N-       NONE"
" ****************************************************************************************************"
"CT2-ALL.KW",""," -Virtual-","(No舳皎t参\v)","0.0",""," -N-       NONE"
" ****************************************************************************************************"
"CT2-ALL.KWH",""," -Virtual-","(准            )","123428","kW h"," -N-       NONE"
" ****************************************************************************************************"
"CT3-1.KWH",""," -Virtual-","(准            )","27342","kW h"," -N-       NONE"
" ****************************************************************************************************"
"CT3-1:KW","","12 09 11","(                )","0.0","kW"," -N-       NONE"
" ****************************************************************************************************"
"CT3-2.KWH",""," -Virtual-","(准            )","24309","kW h"," -N-       NONE"
" ****************************************************************************************************"
"CT3-2:KW","","12 10 11","(                )","0.0","kW"," -N-       NONE"
" ****************************************************************************************************"
"CT3-3.KWH",""," -Virtual-","(准            )","29100","kW h"," -N-       NONE"
" ****************************************************************************************************"
"CT3-3:KW","","12 11 11","(                )","0.0","kW"," -N-       NONE"
" ****************************************************************************************************"
"CT3-4.KWH",""," -Virtual-","(准            )","27365","kW h"," -N-       NONE"
" ****************************************************************************************************"
"CT3-4:KW","","12 12 11","(                )","0.0","kW"," -N-       NONE"
" ****************************************************************************************************"
"CT3-ALL.KW",""," -Virtual-","(No舳皎t参\v)","0.0",""," -N-       NONE"
" ****************************************************************************************************"
"CT3-ALL.KWH",""," -Virtual-","(准            )","108118","kW h"," -N-       NONE"
" ****************************************************************************************************"
"CT4-1.KWH",""," -Virtual-","(准            )","76476","kW h"," -N-       NONE"
" ****************************************************************************************************"
"CT4-1:KW","","11 01 11","(                )","0.0","kW"," -N-       NONE"
" ****************************************************************************************************"
"CT4-2.KWH",""," -Virtual-","(准            )","41295","kW h"," -N-       NONE"
" ****************************************************************************************************"
"CT4-2:KW","","11 02 11","(                )","0.0","kW"," -N-       NONE"
" ****************************************************************************************************"
"CT4-3.KWH",""," -Virtual-","(准            )","64914","kW h"," -N-       NONE"
" ****************************************************************************************************"
"CT4-3:KW","","11 03 11","(                )","0.0","kW"," -N-       NONE"
" ****************************************************************************************************"
"CT4-4.KWH",""," -Virtual-","(准            )","69983","kW h"," -N-       NONE"
" ****************************************************************************************************"
"CT4-4:KW","","11 04 11","(                )","0.0","kW"," -N-       NONE"
" ****************************************************************************************************"
"CT4-ALL.KW",""," -Virtual-","(No舳皎t参\v)","0.0",""," -N-       NONE"
" ****************************************************************************************************"
"CT4-ALL.KWH",""," -Virtual-","(准            )","252669","kW h"," -N-       NONE"
" ****************************************************************************************************"
"CT5-1.KWH",""," -Virtual-","(准            )","86203","kW h"," -N-       NONE"
" ****************************************************************************************************"
"CT5-1:KW","","11 05 11","(                )","0.0","kW"," -N-       NONE"
" ****************************************************************************************************"
"CT5-2.KWH",""," -Virtual-","(准            )","68613","kW h"," -N-       NONE"
" ****************************************************************************************************"
"CT5-2:KW","","11 06 11","(                )","0.0","kW"," -N-       NONE"
" ****************************************************************************************************"
"CT5-3.KWH",""," -Virtual-","(准            )","76952","kW h"," -N-       NONE"
" ****************************************************************************************************"
"CT5-3:KW","","11 07 11","(                )","0.0","kW"," -N-       NONE"
" ****************************************************************************************************"
"CT5-4.KWH",""," -Virtual-","(准            )","66785","kW h"," -N-       NONE"
" ****************************************************************************************************"
"CT5-4:KW","","11 08 11","(                )","0.0","kW"," -N-       NONE"
" ****************************************************************************************************"
"CT5-ALL.KW",""," -Virtual-","(No舳皎t参\v)","0.0",""," -N-       NONE"
" ****************************************************************************************************"
"CT5-ALL.KWH",""," -Virtual-","(准            )","298555","kW h"," -N-       NONE"
" ****************************************************************************************************"
"CTB1-ALL.KW",""," -Virtual-","(No舳皎t参\v)","17.1",""," -N-       NONE"
" ****************************************************************************************************"
"ZP1F7:KW","","13 01 14","(                )","0.0","kW"," -N-       NONE"
" ****************************************************************************************************"
"ZP1F7:KWH","","13 01 11","(                )","551583",""," -N-       NONE"
" ****************************************************************************************************"
"ZP2F7:KW","","13 02 14","(                )","0.0","kW"," -N-       NONE"
" ****************************************************************************************************"
"ZP2F7:KWH","","13 02 11","(                )","488193",""," -N-       NONE"
" ****************************************************************************************************"
"ZP3F7:KW","","13 03 14","(                )","0.0","kW"," -N-       NONE"
" ****************************************************************************************************"
"ZP3F7:KWH","","13 03 11","(                )","282393",""," -N-       NONE"
" ****************************************************************************************************"
"ZP4F7:KW","","13 04 14","(                )","0.0","kW"," -N-       NONE"
" ****************************************************************************************************"
"ZP4F7:KWH","","13 04 11","(                )","731187",""," -N-       NONE"
" ****************************************************************************************************"
"ZP5F7:KW","","13 05 14","(                )","0.0","kW"," -N-       NONE"
" ****************************************************************************************************"
"ZP5F7:KWH","","13 05 11","(                )","664762",""," -N-       NONE"
" ****************************************************************************************************"
"ZP6F7:KW","","13 06 14","(                )","18.8","kW"," -N-       NONE"
" ****************************************************************************************************"
"ZP6F7:KWH","","13 06 11","(                )","275823",""," -N-       NONE"
" ****************************************************************************************************"
"ZP7F7:KW","","13 07 14","(                )","0.0","kW"," -N-       NONE"
" ****************************************************************************************************"
"ZP7F7:KWH","","13 07 11","(                )","392145",""," -N-       NONE"
" ****************************************************************************************************"
"ZP8F7:KW","","13 08 14","(                )","0.0","kW"," -N-       NONE"
" ****************************************************************************************************"
"ZP8F7:KWH","","13 08 11","(                )","409826",""," -N-       NONE"
" ****************************************************************************************************"
"ZP9F7:KW","","13 09 14","(                )","0.0","kW"," -N-       NONE"
" ****************************************************************************************************"
"ZP9F7:KWH","","13 09 11","(                )","213919",""," -N-       NONE"
" ****************************************************************************************************"
"ZP10F7:KW","","13 10 14","(                )","0.0","kW"," -N-       NONE"
" ****************************************************************************************************"
"ZP10F7:KWH","","13 10 11","(                )","523871",""," -N-       NONE"
" ****************************************************************************************************"
"ZP11F7:KW","","13 11 14","(                )","0.0","kW"," -N-       NONE"
" ****************************************************************************************************"
"ZP11F7:KWH","","13 11 11","(                )","374771",""," -N-       NONE"
" ****************************************************************************************************"
"ZP12F7:KW","","13 12 14","(                )","0.0","kW"," -N-       NONE"
" ****************************************************************************************************"
"ZP12F7:KWH","","13 12 11","(                )","208819",""," -N-       NONE"
" ****************************************************************************************************"
"ZP13F7:KW","","13 13 14","(                )","0.0","kW"," -N-       NONE"
" ****************************************************************************************************"
"ZP13F7:KWH","","13 13 11","(                )","490587",""," -N-       NONE"
" ****************************************************************************************************"
"ZP14F7:KW","","13 14 14","(                )","0.0","kW"," -N-       NONE"
" ****************************************************************************************************"
"ZP14F7:KWH","","13 14 11","(                )","329214",""," -N-       NONE"
" ****************************************************************************************************"
"ZP15F7:KW","","13 15 14","(                )","0.0","kW"," -N-       NONE"
" ****************************************************************************************************"
"ZP15F7:KWH","","13 15 11","(                )","186095",""," -N-       NONE"
" ****************************************************************************************************"
" ****************************************** End of Report *******************************************"
